country,expenditure,sanitation,hospitalbeds,healthregscores,healthprofessionals
China,440,72,42,94,59.67
United States,10246,90,29,91,117.3
Japan,4169,99,134,100,136.1
South Korea,2283,100,143,94,92.24
Singapore,2619,100,24,91,93.97
France,4380,88,64.77,82,138
Italy,2840,96,32.22,85,97.39
Spain,2506,97,29.65,84,91.96
Iran,475,0,15,85,30.42
